"","source","tdiff","time.rel","lwp","lwp.me","lwp.25","lwp.75"
"1","KAZR (Clough)",0,0,63.9436795744909,40.2881393432617,18.1101684570312,110.383331298828
